GPU,NVIDIA Graphics Device,sm_80,70,32768
CHECK,q_proj,16,0.000000,PASS
LAYER,q_proj,4096,4096,32,595.0,18.59,2.25,118.18
CHECK,k_proj,16,0.000000,PASS
LAYER,k_proj,1024,4096,32,252.1,7.88,0.56,69.73
CHECK,v_proj,16,0.000000,PASS
LAYER,v_proj,1024,4096,32,252.0,7.87,0.56,69.76
CHECK,o_proj,16,0.000000,PASS
LAYER,o_proj,4096,4096,32,590.6,18.46,2.25,119.05
CHECK,gate_proj,16,0.000000,PASS
LAYER,gate_proj,12288,4096,32,1508.8,47.15,6.75,139.81
CHECK,up_proj,16,0.000000,PASS
LAYER,up_proj,12288,4096,32,1509.0,47.16,6.75,139.79
CHECK,down_proj,16,0.000000,PASS
LAYER,down_proj,4096,12288,32,1407.6,43.99,6.75,149.86
CHECK,lm_head,16,0.000000,PASS
LAYER,lm_head,151669,4096,1,577.6,577.57,83.31,140.87
SUMMARY,6692.5,149.42,911.31
