GPU,NVIDIA CMP 90HX,sm_86,50,2560
CHECK,q_proj,16,0.000000,PASS
LAYER,q_proj,4096,4096,32,451.0,14.09,2.25,155.90
CHECK,k_proj,16,0.000000,PASS
LAYER,k_proj,1024,4096,32,177.7,5.55,0.56,98.92
CHECK,v_proj,16,0.000000,PASS
LAYER,v_proj,1024,4096,32,177.1,5.53,0.56,99.26
CHECK,o_proj,16,0.000000,PASS
LAYER,o_proj,4096,4096,32,449.2,14.04,2.25,156.55
CHECK,gate_proj,16,0.000000,PASS
LAYER,gate_proj,12288,4096,32,1247.0,38.97,6.75,169.15
CHECK,up_proj,16,0.000000,PASS
LAYER,up_proj,12288,4096,32,1245.6,38.93,6.75,169.34
CHECK,down_proj,16,0.000000,PASS
LAYER,down_proj,4096,12288,32,1069.0,33.40,6.75,197.33
CHECK,lm_head,16,0.000000,PASS
LAYER,lm_head,151669,4096,1,450.6,450.62,83.31,180.55
SUMMARY,5267.2,189.86,911.31
