GPU,NVIDIA CMP 90HX,sm_86,50,2560
CHECK,q_proj,16,0.000000,PASS
LAYER,q_proj,4096,4096,32,527.1,16.47,2.25,133.39
CHECK,k_proj,16,0.000000,PASS
LAYER,k_proj,1024,4096,32,195.6,6.11,0.56,89.88
CHECK,v_proj,16,0.000000,PASS
LAYER,v_proj,1024,4096,32,195.0,6.09,0.56,90.14
CHECK,o_proj,16,0.000000,PASS
LAYER,o_proj,4096,4096,32,523.6,16.36,2.25,134.30
CHECK,gate_proj,16,0.000000,PASS
LAYER,gate_proj,12288,4096,32,1462.5,45.70,6.75,144.23
CHECK,up_proj,16,0.000000,PASS
LAYER,up_proj,12288,4096,32,1463.4,45.73,6.75,144.14
CHECK,down_proj,16,0.000000,PASS
LAYER,down_proj,4096,12288,32,1315.7,41.12,6.75,160.32
CHECK,lm_head,16,0.000000,PASS
LAYER,lm_head,151669,4096,1,536.4,536.38,83.31,151.69
SUMMARY,6219.3,160.79,911.31
