GPU,NVIDIA Graphics Device,sm_80,70,32768
CHECK,q_proj,16,0.000000,PASS
LAYER,q_proj,4096,4096,32,764.9,23.90,2.25,91.93
CHECK,k_proj,16,0.000000,PASS
LAYER,k_proj,1024,4096,32,294.1,9.19,0.56,59.77
CHECK,v_proj,16,0.000000,PASS
LAYER,v_proj,1024,4096,32,292.5,9.14,0.56,60.09
CHECK,o_proj,16,0.000000,PASS
LAYER,o_proj,4096,4096,32,761.5,23.80,2.25,92.33
CHECK,gate_proj,16,0.000000,PASS
LAYER,gate_proj,12288,4096,32,1995.8,62.37,6.75,105.69
CHECK,up_proj,16,0.000000,PASS
LAYER,up_proj,12288,4096,32,1997.5,62.42,6.75,105.60
CHECK,down_proj,16,0.000000,PASS
LAYER,down_proj,4096,12288,32,2003.8,62.62,6.75,105.27
CHECK,lm_head,16,0.000000,PASS
LAYER,lm_head,151669,4096,1,732.2,732.16,83.31,111.13
SUMMARY,8842.3,113.09,911.31
