GPU,NVIDIA Graphics Device,sm_80,70,32768
CHECK,q_proj,16,0.000000,PASS
LAYER,q_proj,4096,4096,32,515.4,16.10,2.25,136.43
CHECK,k_proj,16,0.000000,PASS
LAYER,k_proj,1024,4096,32,224.9,7.03,0.56,78.15
CHECK,v_proj,16,0.000000,PASS
LAYER,v_proj,1024,4096,32,226.6,7.08,0.56,77.57
CHECK,o_proj,16,0.000000,PASS
LAYER,o_proj,4096,4096,32,512.6,16.02,2.25,137.17
CHECK,gate_proj,16,0.000000,PASS
LAYER,gate_proj,12288,4096,32,1277.2,39.91,6.75,165.16
CHECK,up_proj,16,0.000000,PASS
LAYER,up_proj,12288,4096,32,1276.8,39.90,6.75,165.21
CHECK,down_proj,16,0.000000,PASS
LAYER,down_proj,4096,12288,32,1138.9,35.59,6.75,185.20
CHECK,lm_head,16,0.000000,PASS
LAYER,lm_head,151669,4096,1,491.0,491.01,83.31,165.70
SUMMARY,5663.5,176.57,911.31
