GPU,NVIDIA CMP 90HX,sm_86,50,2560
CHECK,q_proj,16,0.000000,PASS
LAYER,q_proj,4096,4096,32,1157.4,36.17,2.25,60.75
CHECK,k_proj,16,0.000000,PASS
LAYER,k_proj,1024,4096,32,401.8,12.56,0.56,43.75
CHECK,v_proj,16,0.000000,PASS
LAYER,v_proj,1024,4096,32,403.7,12.62,0.56,43.54
CHECK,o_proj,16,0.000000,PASS
LAYER,o_proj,4096,4096,32,1151.1,35.97,2.25,61.08
CHECK,gate_proj,16,0.000000,PASS
LAYER,gate_proj,12288,4096,32,3266.5,102.08,6.75,64.58
CHECK,up_proj,16,0.000000,PASS
LAYER,up_proj,12288,4096,32,3265.8,102.06,6.75,64.59
CHECK,down_proj,16,0.000000,PASS
LAYER,down_proj,4096,12288,32,3115.1,97.35,6.75,67.71
CHECK,lm_head,16,0.000000,PASS
LAYER,lm_head,151669,4096,1,1213.9,1213.89,83.31,67.03
SUMMARY,13975.4,71.55,911.31
