GPU,NVIDIA Graphics Device,sm_80,70,32768
CHECK,q_proj,16,0.000000,PASS
LAYER,q_proj,4096,4096,32,1135.2,35.48,2.25,61.94
CHECK,k_proj,16,0.000000,PASS
LAYER,k_proj,1024,4096,32,388.9,12.15,0.56,45.20
CHECK,v_proj,16,0.000000,PASS
LAYER,v_proj,1024,4096,32,388.1,12.13,0.56,45.29
CHECK,o_proj,16,0.000000,PASS
LAYER,o_proj,4096,4096,32,1132.0,35.37,2.25,62.12
CHECK,gate_proj,16,0.000000,PASS
LAYER,gate_proj,12288,4096,32,3066.0,95.81,6.75,68.80
CHECK,up_proj,16,0.000000,PASS
LAYER,up_proj,12288,4096,32,3064.3,95.76,6.75,68.84
CHECK,down_proj,16,0.000000,PASS
LAYER,down_proj,4096,12288,32,3059.5,95.61,6.75,68.95
CHECK,lm_head,16,0.000000,PASS
LAYER,lm_head,151669,4096,1,1132.2,1132.22,83.31,71.86
SUMMARY,13366.2,74.82,911.31
