GPU,NVIDIA CMP 90HX,sm_86,50,2560
CHECK,q_proj,16,0.000000,PASS
LAYER,q_proj,4096,4096,32,679.5,21.23,2.25,103.48
CHECK,k_proj,16,0.000000,PASS
LAYER,k_proj,1024,4096,32,230.1,7.19,0.56,76.38
CHECK,v_proj,16,0.000000,PASS
LAYER,v_proj,1024,4096,32,230.4,7.20,0.56,76.30
CHECK,o_proj,16,0.000000,PASS
LAYER,o_proj,4096,4096,32,676.4,21.14,2.25,103.96
CHECK,gate_proj,16,0.000000,PASS
LAYER,gate_proj,12288,4096,32,1885.5,58.92,6.75,111.88
CHECK,up_proj,16,0.000000,PASS
LAYER,up_proj,12288,4096,32,1884.2,58.88,6.75,111.95
CHECK,down_proj,16,0.000000,PASS
LAYER,down_proj,4096,12288,32,1884.4,58.89,6.75,111.94
CHECK,lm_head,16,0.000000,PASS
LAYER,lm_head,151669,4096,1,697.2,697.22,83.31,116.69
SUMMARY,8167.6,122.43,911.31
